,source,target,finished,human_path_length,shortest_path_length,path_deviation,playtime_sec,playtime_min,type,failure_article,difficulty_rating,number_backclicks,hashedIpAddress,timestamp,category,gender,nr_link_in,in_degree_rep,success_rate
7460,Arctic,Bette_Davis,False,4,3,1,209,3.4833333333333334,restart,<,,1,56e8314208cb832d,1345231860,Actors_models_and_celebrities,female,7,1,0.0
7461,Edmund_Hillary,Bette_Davis,False,3,3,0,1846,30.766666666666666,timeout,San_Francisco%2C_California,,0,56e8314208cb832d,1345504499,Actors_models_and_celebrities,female,7,1,0.0
1535,Fishing,H.D.,False,3,3,0,40,0.6666666666666666,restart,<,,1,26af63bb74c8d26d,1328882387,Writers_and_critics,female,6,1,0.0
6593,North_Africa,Agamemnon,False,4,3,1,2816,46.93333333333333,timeout,Athens,,0,6977da6a0f35ca0c,1324078768,Historical_figures,male,9,1,
7097,Sistine_Chapel_ceiling,J._K._Rowling,False,11,3,8,289,4.816666666666666,restart,University_of_Cambridge,,3,781fe1720d34b171,1375737582,Writers_and_critics,female,5,1,0.0
7194,Flemish_people,Britney_Spears,False,5,3,2,1895,31.583333333333332,timeout,American_popular_music,,0,4a261ea23756d5c2,1298742739,Actors_models_and_celebrities,female,8,1,0.0
7096,Badminton,J._K._Rowling,False,5,3,2,102,1.7,restart,<,,1,372bf51e197303b6,1366389652,Writers_and_critics,female,5,1,0.0
7211,Basil,Britney_Spears,False,22,4,18,484,8.066666666666666,restart,<,,5,465c27152a2c8ede,1311975624,Actors_models_and_celebrities,female,8,1,0.0
7347,North_Korea,Joan_of_Arc,False,3,3,0,1871,31.183333333333334,timeout,France,,0,69421fe945903a96,1323044081,Military_People,female,7,1,0.0
4957,Shroud_of_Turin,Rosa_Parks,False,19,3,16,2797,46.61666666666667,timeout,Citizenship,,5,2914f7a114b3b94d,1341966668,Historical_figures,female,3,1,
7191,Transit_of_Venus,Britney_Spears,False,24,4,20,2519,41.983333333333334,timeout,Mississippi_River,,2,769211682dc13566,1298694418,Actors_models_and_celebrities,female,8,1,0.0
7010,Dominican_Republic,Boudica,False,3,3,0,52,0.8666666666666667,restart,Iceland,,0,5c26fb857d1bd2f0,1298785842,Historical_figures,female,5,1,
7724,Taipei,Eva_Per%C3%B3n,False,4,3,1,322,5.366666666666666,restart,Argentina,,0,28d2148632bf4519,1352882875,Political_People,female,3,1,
7200,Llandudno,Britney_Spears,False,6,3,3,178,2.966666666666667,restart,American_popular_music,,0,096f07c347cb22ff,1299864994,Actors_models_and_celebrities,female,8,1,0.0
1539,Antelope,H.D.,False,9,3,6,216,3.6,restart,<,,1,6f764edf18c789b8,1384761357,Writers_and_critics,female,6,1,0.0
7617,Long_pepper,Margaret_Sanger,False,6,4,2,2010,33.5,timeout,Propaganda,,0,04eadb922bb01a8c,1303661004,Political_People,female,2,1,
2499,Rook_%28bird%29,Natalie_Portman,False,18,3,15,264,4.4,restart,<,,6,16a0b72e5b8e2c3b,1358479848,Actors_models_and_celebrities,female,5,1,
6360,Anglican_Communion,Marie_Curie,False,4,3,1,157,2.6166666666666667,restart,Napoleon_I_of_France,,0,0c08f57159df1252,1366509073,Chemists,female,10,1,
3353,United_States_Constitution,Diane_Keaton,False,8,4,4,172,2.8666666666666667,restart,Los_Angeles%2C_California,,2,13710ea426392bde,1379938703,Actors_models_and_celebrities,female,2,1,
3189,Jakarta,Florence_Nightingale,False,6,3,3,128,2.1333333333333333,restart,United_Kingdom,,0,5e5b3e43164d9fb9,1366727416,Human_Scientists,female,7,1,
6313,Arctic,Bill_Gates,False,5,3,2,100,1.6666666666666667,restart,Corporation,,0,5f22535607b1d77d,1366214652,Computing_People,male,15,1,
4191,Edmund_Hillary,William_Thomson%2C_1st_Baron_Kelvin,False,19,3,16,921,15.35,restart,<,,8,51b1e7eb1fde233d,1365114097,Mathematicians,male,7,1,
5660,Fishing,Tiger_Woods,False,4,3,1,104,1.7333333333333334,restart,North_America,,0,32d731b477a35933,1355704751,Sports_and_games_people,male,3,1,0.0
7353,North_Africa,Joan_of_Arc,False,4,3,1,136,2.2666666666666666,restart,France,,0,30647a8546a0789e,1338500976,Military_People,female,7,1,0.0
7575,Sistine_Chapel_ceiling,Cat_Stevens,False,13,3,10,2064,34.4,timeout,Anarcho-capitalism,,0,452693ad5499a6dc,1297532725,Performers_and_composers,male,1,1,
5729,Flemish_people,Tiger_Woods,False,5,3,2,204,3.4,restart,<,,1,5b30e34e0a368cc6,1385431802,Sports_and_games_people,male,3,1,0.0
6603,Badminton,Christopher_Wren,False,24,3,21,2572,42.86666666666667,timeout,World_Heritage_Site,,0,3e93778c16d96679,1373850993,Engineers_and_inventors,male,17,1,
2743,Basil,Alan_Turing,False,8,4,4,1963,32.71666666666667,timeout,Computer,,0,4737297e544819d3,1376382739,Mathematicians,male,11,1,
4870,North_Korea,Paul_C%C3%A9zanne,False,3,3,0,1829,30.483333333333334,timeout,<,,1,43ea609a54fab699,1351286513,Artists,male,12,1,
3848,Shroud_of_Turin,Ludwig_Wittgenstein,False,3,3,0,123,2.05,restart,Vienna,,0,5729953544e4be37,1312194706,Philosophers,male,20,1,
5718,Transit_of_Venus,Tiger_Woods,False,7,4,3,164,2.7333333333333334,restart,United_States_dollar,,0,2155b9b54e46e936,1382643819,Sports_and_games_people,male,3,1,0.0
5944,Dominican_Republic,Isaac_Brock,False,4,3,1,148,2.466666666666667,restart,<,,1,77bba5811c8d9e81,1348773487,Military_People,male,3,1,
5625,Taipei,Tiger_Woods,False,4,3,1,205,3.4166666666666665,restart,Sport,,0,1d0421287862c2aa,1343614527,Sports_and_games_people,male,3,1,0.0
5601,Llandudno,Tiger_Woods,False,11,3,8,220,3.6666666666666665,restart,Sport,,4,2920bca574df872c,1318347166,Sports_and_games_people,male,3,1,0.0
7276,Antelope,Abel_Tasman,False,10,3,7,2114,35.233333333333334,timeout,Pacific_Ocean,,0,5bb5836b425e6bfe,1331745215,Geographers_and_explorers,male,5,1,
5636,Long_pepper,Tiger_Woods,False,6,4,2,151,2.5166666666666666,restart,Sport,,0,576357c67f621837,1344899381,Sports_and_games_people,male,3,1,0.0
5234,Rook_%28bird%29,Walt_Disney,False,23,3,20,486,8.1,restart,Mass_media,,6,349d4f836346bda4,1342522973,Producers_directors_and_media_figures,male,15,1,
7546,Anglican_Communion,Hannibal_Barca,False,36,3,33,4535,75.58333333333333,restart,Julius_Caesar,,16,68c9826f016b0a60,1331232912,Historical_figures,male,4,1,
5695,United_States_Constitution,Tiger_Woods,False,5,4,1,1963,32.71666666666667,timeout,Football,,0,1548150f27c2857b,1373349123,Sports_and_games_people,male,3,1,0.0
5616,Jakarta,Tiger_Woods,False,33,3,30,1199,19.983333333333334,restart,<,,14,4a25f1226786211b,1330877397,Sports_and_games_people,male,3,1,0.0
